Date,Name,Country,eMail,Phone,Donation,Age,Education,Sex,Number of Families,The Number of Overseas Trips Each Month
12-03-23,Solomon Schröder,Germany,dolor@opensource.com,(016977) 2835,$21,33,3,Female,6,7
28-02-23,Carson Bruckmann,Indonesia,lacus.varius.et@yahoo.edu,(01512) 915263,$92,31,2,Male,5,4
06-03-23,Dora Maler,Singapore,malesuada.integer@google.ca,0800 281361,$62,30,3,Female,6,8
16-02-23,Fredericka Mo,Australia,vel.mauris@outlook.org,0800 488870,$44,26,2,Female,3,6
09-03-23,Herrod Johnston,Australia,eros.proin@google.com,(017182) 85879,$25,25,3,Male,4,10
09-03-23,Tad Mo,Indonesia,vel.quam@outlook.ca,0800 1111,$44,48,3,Male,4,7
04-02-23,Kessie Claßen,Australia,arcu.ac@yahoo.ca,0336 587 3063,$78,33,2,Female,5,2
22-03-23,Arden Jones,Australia,vestibulum.neque.sed@opensource.coid,(011413) 93464,$53,51,4,Female,5,7
09-02-23,Brennan Wolff,Australia,mi.fringilla@google.ca,(024) 7564 3957,$72,40,3,Male,4,7
08-01-23,Lavinia Simon,Indonesia,nec@google.coid,(01363) 236838,$49,46,4,Female,5,7
08-02-23,Colt Raab,Germany,at.pretium@outlook.edu,(024) 7119 7754,$16,28,1,Female,6,9
21-01-23,Risa Tu,Singapore,in.tincidunt@outlook.coid,(014289) 79444,$72,33,2,Female,3,2
07-01-23,Sydnee Bi,Indonesia,semper.pretium@outlook.edu,0863 266 2313,$18,41,2,Female,4,1
19-03-23,Kessie Adams,Australia,quisque.purus@google.net,0845 46 42,$71,27,3,Female,7,6
21-02-23,Carter Kaiser,Germany,eget.tincidunt@outlook.edu,056 2153 9689,$97,42,1,Female,1,3
04-01-23,Allen Pohl,Australia,quis@outlook.ca,070 1585 6936,$64,53,4,Female,5,8
24-03-23,Jorden King,Germany,magna.duis.dignissim@outlook.edu,0500 367721,$23,31,1,Female,3,7
13-02-23,Steven Lou,Indonesia,lorem.auctor@yahoo.org,070 5911 1545,$45,47,2,Female,5,0
30-03-23,Lucas Son,Singapore,fermentum.fermentum@outlook.org,07053 080863,$60,46,2,Male,3,6
25-02-23,Kuame Mani,Australia,nunc.laoreet@yahoo.net,076 4225 2121,$72,32,2,Female,5,7
13-03-23,Cyrus Baker,Singapore,nunc@google.net,(017368) 59832,$22,29,1,Female,3,4
02-02-23,Abraham Bauer,Australia,adipiscing.enim@yahoo.edu,(016977) 9264,$26,25,3,Male,4,1
14-02-23,Martena Vogel,Australia,lorem.luctus.ut@outlook.com,0934 330 1549,$70,25,4,Female,4,1
05-03-23,Melanie Jung,Singapore,nulla.facilisis.suspendisse@outlook.com,055 0177 0766,$42,27,3,Male,1,5
11-01-23,Maxwell Richards,Singapore,magnis.dis@opensource.edu,056 5566 8046,$31,36,4,Male,4,8
25-02-23,Shafira Schubert,Singapore,cubilia.curae.phasellus@yahoo.com,070 1224 0926,$93,20,3,Female,7,4
07-03-23,Maisie Lin,Germany,orci@outlook.edu,(0115) 185 0278,$58,25,3,Male,2,5
16-02-23,Germane Thomson,Indonesia,non@opensource.ca,07546 155463,$35,35,3,Female,5,6
03-01-23,Scarlet Thomas,Indonesia,vel@opensource.com,0831 113 4471,$95,22,3,Male,2,0
15-02-23,Madonna Dittrich,Singapore,molestie@opensource.edu,(01467) 96525,$64,38,2,Female,3,2
03-01-23,Malachi Ryan,Australia,nostra.per@google.net,0333 925 4532,$95,34,1,Male,3,8
17-01-23,Eliana Miller,Australia,lacinia.orci@yahoo.edu,(011833) 81542,$21,54,1,Female,6,5
28-03-23,Mariko Ding,Australia,ultrices@opensource.ca,0358 564 7956,$64,37,1,Female,5,5
20-01-23,Isaiah Cheung,Singapore,ut.tincidunt@opensource.edu,056 1185 6052,$82,32,1,Male,4,7
23-03-23,Lucian Rogers,Indonesia,sapien.aenean@opensource.net,0304 294 3457,$69,25,2,Male,6,9
19-02-23,Hadassah Müller,Singapore,vivamus.molestie@google.ca,0320 232 7613,$70,43,2,Female,5,1
07-03-23,Latifah Prinz,Germany,ac.mattis@opensource.org,(011065) 01774,$46,55,3,Male,6,8
24-02-23,Demetrius Dai,Indonesia,nunc.sed@opensource.org,(016977) 5404,$56,36,1,Male,7,9
24-02-23,Ayanna Köhler,Singapore,gravida.mauris.ut@outlook.edu,(019431) 40931,$27,29,4,Female,6,3
11-03-23,Rudyard Reddy,Australia,id.magna.et@yahoo.edu,07724 917477,$49,53,4,Male,6,1
18-03-23,Axel Seah,Australia,elementum@google.coid,(016977) 4643,$45,23,3,Female,2,1
12-01-23,Libby Davis,Singapore,malesuada@yahoo.edu,0930 462 3872,$92,23,1,Female,3,8
31-01-23,Addison Schmid,Indonesia,pede.nonummy@google.edu,(0151) 373 1118,$69,42,3,Female,6,9
01-02-23,Karyn Winter,Singapore,et.lacinia@yahoo.org,(018165) 18087,$48,50,1,Female,2,9
30-01-23,Raphael Jones,Germany,sit.amet@outlook.org,(01324) 255857,$20,34,3,Female,5,0
29-01-23,Stone Gu,Germany,quam@google.com,056 6435 7012,$75,54,4,Male,5,3
27-01-23,Rinah Diener,Singapore,fringilla.est.mauris@google.ca,055 7646 2683,$94,40,2,Female,4,1
14-03-23,Denton Kung,Australia,et@google.ca,0931 200 8315,$66,51,3,Female,3,1
25-02-23,Kirsten Quan,Germany,vestibulum@opensource.org,(0121) 634 4419,$24,24,4,Male,6,2
29-01-23,Nayda Gray,Australia,congue.a@google.net,0845 46 43,$35,21,2,Male,7,9
08-03-23,Lesley Frick,Indonesia,nisi@outlook.org,070 4586 9198,$70,30,2,Male,3,1
01-01-23,Teegan Hill,Australia,libero@opensource.net,0839 342 2112,$76,28,3,Male,3,1
22-03-23,Reuben Krämer,Singapore,sodales@opensource.coid,(023) 3730 5418,$53,43,2,Male,3,6
12-02-23,Theodore Diener,Indonesia,at.velit.cras@yahoo.com,(01385) 421749,$54,31,1,Male,2,1
16-01-23,Chaim Lim,Singapore,quis.diam.pellentesque@outlook.net,07624 862727,$86,45,1,Male,5,1
05-01-23,Meredith Graham,Germany,ut@opensource.coid,0800 852823,$56,36,3,Male,2,10
26-01-23,Zephr Martin,Australia,sed.auctor@google.edu,07425 156616,$56,22,3,Male,2,0
28-01-23,Jerome Mani,Singapore,blandit.nam@yahoo.coid,055 1787 4591,$77,29,3,Male,3,9
28-01-23,Belle Graham,Australia,velit@google.org,(027) 2205 5784,$47,48,1,Male,4,4
27-02-23,Kadeem Lehmann,Singapore,tincidunt@google.coid,0800 231 5977,$95,27,2,Male,6,9
18-03-23,Daphne Jung,Germany,dictum.eleifend.nunc@yahoo.com,(0110) 364 8432,$59,29,3,Female,5,2
24-03-23,Marshall Ren,Germany,tellus.faucibus@yahoo.org,(0118) 843 8998,$62,32,4,Female,3,1
24-01-23,Fredericka Winkler,Singapore,quam.curabitur@outlook.com,(0115) 484 6348,$48,21,3,Male,6,6
05-02-23,Cherokee Ee,Indonesia,at.risus@outlook.com,(01289) 75699,$86,34,2,Male,6,1
20-02-23,Edward Parker,Germany,tincidunt.vehicula@google.net,(0171) 806 4661,$18,29,4,Male,6,6
29-01-23,Geoffrey Cho,Germany,id.enim@yahoo.coid,0939 631 1882,$40,22,2,Male,5,7
26-01-23,Berk Frick,Indonesia,feugiat.placerat@opensource.ca,0800 1111,$65,43,1,Female,2,6
10-01-23,Oliver Michaelis,Singapore,risus.quis@opensource.net,(016977) 4744,$66,43,2,Male,6,6
26-01-23,Ralph Harris,Singapore,tincidunt.adipiscing@opensource.edu,(011532) 51333,$32,45,4,Female,3,8
03-03-23,Alexander James,Singapore,tellus.justo@outlook.edu,(01671) 690475,$63,38,1,Female,6,6
06-02-23,Hadassah Tao,Australia,luctus.felis@yahoo.edu,056 3281 1816,$52,28,3,Male,3,1
16-01-23,Garth Fok,Singapore,pharetra.nam@google.net,(018655) 34868,$64,45,3,Male,4,7
21-01-23,Eric Bachmann,Australia,facilisis.vitae.orci@outlook.org,0500 604759,$51,22,4,Male,2,7
06-02-23,Quin Hahn,Singapore,phasellus.at.augue@outlook.org,0800 1111,$71,21,4,Male,7,8
07-03-23,Wyatt Hughes,Germany,penatibus@opensource.edu,0800 346375,$64,37,3,Female,2,4
15-02-23,Virginia Kowalski,Australia,consectetuer@opensource.ca,(0191) 134 6931,$97,47,2,Female,5,5
12-03-23,Brynn Simon,Singapore,cras.pellentesque@google.ca,(0181) 454 3739,$22,29,1,Male,5,4
26-02-23,Aladdin Webb,Australia,suspendisse@outlook.ca,(01216) 857253,$63,24,2,Female,4,7
07-03-23,Deacon Dittrich,Indonesia,aliquet.magna.a@outlook.edu,076 6776 8850,$13,22,2,Female,3,1
28-03-23,Abdul Harrison,Germany,ante.bibendum@outlook.coid,(015829) 36833,$90,46,2,Female,5,1
28-02-23,Baker Meier,Singapore,id.libero.donec@outlook.org,0800 406067,$43,39,3,Male,3,2
18-02-23,Hayden Graf,Germany,orci.donec@google.coid,(0111) 376 4399,$40,31,2,Female,1,6
02-01-23,Alexandra Frank,Germany,vel.arcu.curabitur@opensource.ca,(01781) 863119,$59,54,4,Male,6,2
06-01-23,Odysseus Seidel,Australia,aenean.sed.pede@yahoo.ca,(018778) 77688,$59,22,3,Male,6,1
09-03-23,Beatrice Zimmermann,Singapore,dis.parturient@opensource.com,(01179) 55363,$89,37,2,Female,2,8
19-03-23,Adam Clark,Germany,turpis.vitae@yahoo.com,0951 100 2267,$17,26,3,Female,4,9
22-01-23,Jaime Nguyen,Indonesia,dictum@outlook.com,(0115) 438 7457,$93,45,4,Male,4,9
30-01-23,Hiroko Morris,Australia,rutrum@google.net,(023) 3151 4644,$46,49,2,Female,2,2
09-03-23,Kaitlin Winkler,Indonesia,aliquam.vulputate@outlook.coid,(01257) 45845,$14,39,2,Male,6,5
07-01-23,Noelani Frick,Indonesia,lectus.justo.eu@google.coid,0845 46 42,$94,29,1,Female,7,2
07-03-23,Thor Harrison,Singapore,lorem.tristique@outlook.com,(0151) 224 1836,$61,34,3,Male,5,6
09-01-23,Eve Jung,Indonesia,dapibus@opensource.coid,(0131) 412 8779,$95,45,3,Female,6,9
28-02-23,Fitzgerald Wood,Australia,mauris.molestie@outlook.coid,(01146) 11247,$18,33,3,Female,3,2
17-03-23,Desiree Harris,Singapore,lacus.etiam@google.net,(015487) 79827,$49,26,3,Female,4,1
23-03-23,Tobias Claßen,Singapore,rutrum.eu@opensource.com,(017825) 26433,$71,30,2,Male,2,9
07-02-23,Amal Friedmann,Germany,vitae.risus.duis@google.net,07183 821465,$19,28,4,Male,6,0
18-03-23,Nathaniel Jackson,Germany,in.faucibus@google.edu,0500 227202,$77,53,1,Male,3,0
25-03-23,Barrett Lin,Singapore,ultrices@google.edu,070 6245 8615,$19,34,3,Male,3,4
03-02-23,Honorato Min,Germany,in.faucibus@yahoo.coid,0500 182263,$23,22,3,Female,6,2
15-01-23,Justin Hausmann,Australia,lacus.quisque@opensource.org,0800 1111,$85,41,2,Female,3,3
07-02-23,Alisa Roßmann,Indonesia,molestie.in@yahoo.org,055 2055 9147,$34,26,1,Female,2,3
01-02-23,Amaya Smith,Germany,augue.ac.ipsum@opensource.ca,07464 884820,$31,36,2,Female,7,4
18-01-23,Duncan He,Germany,in@outlook.com,(01057) 07455,$71,44,3,Male,4,2
26-02-23,Abigail Murray,Indonesia,pede.suspendisse@outlook.ca,07810 738775,$84,34,3,Male,4,8
10-03-23,Wade Morgan,Australia,ultrices.a@opensource.coid,0800 1111,$30,46,2,Male,2,2
15-03-23,Ulysses Wood,Australia,sit.amet@opensource.coid,07624 673170,$77,34,3,Male,7,4
20-03-23,Lee Ni,Australia,vel.convallis@yahoo.edu,(016977) 7221,$37,34,4,Male,5,6
31-01-23,Tate Koch,Australia,fringilla.purus@yahoo.org,0926 987 6538,$60,45,1,Female,4,6
01-03-23,Todd Davis,Singapore,sem@yahoo.com,0800 568 6834,$97,36,3,Female,7,3
09-01-23,Levi Fischer,Singapore,eu@google.net,0353 418 3136,$50,38,3,Male,3,3
17-03-23,Cherokee Ge,Australia,ac@yahoo.coid,(0181) 182 6146,$47,35,2,Male,4,2
15-03-23,Susan Ou,Germany,tincidunt.congue@opensource.coid,(015195) 14838,$81,29,1,Female,2,5
20-01-23,Holmes Choo,Australia,nullam.enim.sed@yahoo.edu,070 7873 5274,$42,29,4,Female,6,2
27-02-23,Joelle Moore,Indonesia,vitae@outlook.com,0800 1111,$38,22,3,Male,3,1
02-03-23,Jakeem Ruf,Indonesia,curae.donec.tincidunt@opensource.net,0803 564 2828,$94,43,1,Female,4,4
12-02-23,Nathaniel Tai,Singapore,sed.nec.metus@opensource.edu,(01454) 95553,$85,29,4,Female,6,3
30-03-23,Walter Böhm,Australia,in.condimentum.donec@yahoo.com,0353 517 5737,$84,27,4,Female,4,5
03-03-23,Cooper Chui,Australia,consequat.lectus@outlook.org,056 7205 7414,$93,49,4,Male,7,4
22-01-23,Noel Shaw,Australia,ultricies.adipiscing.enim@opensource.edu,0845 46 42,$41,22,3,Female,3,9
13-01-23,Kaseem Carter,Singapore,amet.consectetuer@outlook.net,(01736) 14973,$31,37,4,Female,3,1
24-01-23,Ulric Kee,Singapore,eu.nulla.at@google.com,0363 213 8521,$67,38,3,Male,1,8
17-01-23,Yetta Specht,Singapore,nec.urna.suscipit@yahoo.net,0800 331 5708,$82,31,2,Male,6,3
16-02-23,Zorita Wright,Australia,mauris@yahoo.com,0365 963 3487,$40,47,2,Male,7,7
04-01-23,Mason Baker,Singapore,nibh.sit.amet@google.com,0351 145 3284,$95,51,2,Female,7,9
17-03-23,Reed Evans,Germany,quisque.tincidunt.pede@google.org,0845 46 41,$30,52,2,Female,6,4
20-02-23,Kadeem Watson,Germany,pede.ac.urna@yahoo.net,(016977) 0449,$12,54,2,Male,6,6
20-01-23,Indigo Kwa,Germany,lorem@yahoo.coid,070 1745 0470,$57,36,3,Female,7,5
05-02-23,Stuart Bachmann,Germany,proin@opensource.net,070 1732 9757,$14,52,3,Male,6,5
31-03-23,Jackson Lee,Australia,dapibus.id@yahoo.ca,(012458) 55866,$47,32,1,Male,1,7
07-01-23,Seth Meier,Singapore,est.ac@outlook.ca,(01758) 46889,$35,32,4,Female,2,7
01-02-23,Faith Poh,Australia,et.magnis.dis@yahoo.coid,(01821) 265180,$62,47,2,Male,3,9
26-03-23,Cameron Schmidt,Australia,adipiscing.ligula@outlook.com,(01689) 268305,$69,50,3,Female,5,6
26-03-23,Cole Moore,Australia,sodales.purus@yahoo.ca,0500 705494,$89,32,2,Female,3,3
15-02-23,Teagan Jacobi,Germany,quis.pede@google.ca,(0110) 123 1941,$26,49,3,Male,5,10
27-03-23,Yuli Hong,Australia,ac.facilisis.facilisis@outlook.com,0343 742 9028,$34,45,3,Male,4,2
24-01-23,Lynn Watson,Indonesia,sollicitudin.orci@opensource.org,0800 1111,$89,33,1,Female,2,7
10-02-23,Mallory Ryan,Australia,nisl.elementum@outlook.ca,0800 357371,$54,25,3,Female,3,8
02-01-23,Ferris Kaiser,Singapore,quisque.libero@google.com,(027) 6487 1907,$58,34,2,Male,2,9
17-01-23,September Hartmann,Australia,sed.pede.nec@outlook.org,070 1283 4478,$82,39,3,Female,3,1
03-03-23,Brynn Kirch,Indonesia,ac@google.org,07624 841562,$82,21,1,Male,4,8
27-01-23,Desirae Wolf,Indonesia,nascetur.ridiculus@yahoo.coid,0311 928 8774,$98,44,3,Male,2,0
12-03-23,Sandra Carter,Germany,sagittis.placerat.cras@opensource.com,0392 344 4284,$23,53,2,Male,3,3
04-03-23,Yoshi Kienzle,Indonesia,phasellus.libero.mauris@opensource.ca,0876 165 3443,$87,39,2,Male,4,2
12-01-23,Noel Beyer,Singapore,facilisis.facilisis.magna@outlook.ca,0800 1111,$59,50,2,Male,5,6
04-03-23,Athena Zimmermann,Singapore,lacus.ut@google.coid,055 7525 7708,$58,40,2,Female,4,2
25-01-23,Avram Ross,Singapore,sit.amet@google.edu,055 1373 4076,$87,48,2,Female,4,9
01-03-23,Bryar Reid,Singapore,cum.sociis@outlook.org,0800 1111,$76,51,2,Female,3,6
19-01-23,Marah Nair,Indonesia,aliquet@google.ca,0800 641 9184,$38,40,2,Female,2,2
12-03-23,Carter Roberts,Singapore,id.nunc@google.coid,070 8121 1071,$28,30,2,Male,7,5
08-01-23,Garrison Ni,Indonesia,lobortis.mauris@outlook.coid,07624 748411,$59,34,1,Male,3,10
04-01-23,Drake Noack,Singapore,eget.ipsum@outlook.com,(01226) 608869,$38,50,1,Male,6,8
10-02-23,Ahmed Hall,Australia,erat@yahoo.ca,(01789) 843489,$35,43,3,Female,4,1
01-01-23,Uta Mu,Singapore,penatibus.et@google.net,0800 1111,$72,47,4,Male,2,3
02-02-23,Bevis Xing,Australia,nulla.integer@opensource.ca,056 9025 7495,$77,40,4,Female,4,7
05-02-23,Carter Morris,Australia,neque.pellentesque.massa@opensource.ca,056 6043 4577,$68,37,2,Female,2,6
07-01-23,Maisie Cheng,Germany,non.dapibus@google.ca,(0191) 492 7248,$91,31,3,Male,3,4
05-01-23,Herman Schwarz,Singapore,diam.sed@yahoo.com,0927 125 0834,$70,35,2,Male,5,3
23-03-23,Macey Kirch,Singapore,sed.dictum@outlook.coid,(013415) 63517,$31,33,3,Female,4,9
31-01-23,Leah Cho,Indonesia,aliquam.arcu@opensource.net,07624 386696,$39,40,3,Male,4,8
09-03-23,Patrick Koch,Indonesia,feugiat.lorem@google.edu,(01803) 81284,$60,55,1,Male,3,8
17-02-23,Justin Liang,Germany,ipsum.suspendisse.non@opensource.com,0800 1111,$18,48,2,Male,5,6
03-01-23,Virginia Nguyen,Indonesia,lectus@outlook.edu,056 7196 1684,$49,32,3,Female,4,10
25-02-23,Carter Martin,Singapore,sed.dui@yahoo.com,(018330) 08778,$38,55,4,Male,5,9
13-03-23,Dennis Brown,Singapore,eu.odio@yahoo.com,0500 424578,$49,50,1,Female,3,4
14-02-23,Ivory Kuang,Singapore,lectus.pede@outlook.edu,076 0555 8176,$31,23,3,Male,6,8
26-03-23,Zorita Scott,Germany,urna.justo@outlook.edu,(025) 1003 0218,$65,48,4,Male,2,6
02-03-23,Joel Young,Australia,consectetuer.mauris.id@yahoo.ca,0800 646111,$56,33,2,Female,1,7
30-03-23,Lois Miller,Australia,lacinia.at@yahoo.net,07624 296104,$95,32,2,Female,4,0
18-02-23,Raphael Jäger,Singapore,nulla.eget.metus@yahoo.org,0812 716 7263,$73,27,1,Female,5,7
22-03-23,Chancellor Shaw,Singapore,ante.dictum@google.com,(018955) 74716,$43,49,4,Male,4,7
09-02-23,Cyrus Schwarz,Singapore,ligula.nullam@google.ca,(016977) 1290,$92,49,1,Male,2,8
06-02-23,Brynn Cook,Germany,nec@yahoo.coid,0800 013 4765,$42,29,1,Female,6,5
13-02-23,Fuller Arnold,Australia,aliquam@outlook.edu,(016977) 3332,$71,40,2,Male,2,9
18-01-23,Cheryl Murray,Australia,sed.pede@yahoo.edu,(01887) 254224,$17,30,2,Male,2,7
21-01-23,Cain Wenzler,Singapore,tincidunt@google.ca,076 5882 6745,$42,40,2,Male,7,4
23-03-23,Tashya Kennedy,Germany,ante@google.net,0392 249 8324,$28,29,3,Female,2,0
26-02-23,Cole Won,Germany,erat.etiam@outlook.coid,07331 373444,$62,24,3,Female,7,0
04-02-23,Chiquita Reddy,Singapore,dictum@google.ca,(01243) 591161,$13,32,3,Male,4,5
02-03-23,Camilla Gan,Germany,nisi.cum.sociis@google.coid,0800 874 0774,$93,21,4,Female,1,4
16-01-23,Cherokee Kelly,Australia,velit.aliquam@outlook.net,0800 625844,$92,25,1,Male,3,8
23-01-23,Tyler Jacobi,Australia,lacus@outlook.edu,(01552) 15751,$42,21,2,Female,5,3
24-02-23,Cora Scholz,Australia,quisque.nonummy@google.edu,(0119) 395 2982,$58,31,3,Male,1,9
02-03-23,Farrah Sin,Indonesia,urna.nullam@google.org,0800 1111,$44,50,2,Female,6,0
18-01-23,Isadora You,Germany,placerat@yahoo.org,(01174) 81562,$11,48,3,Female,4,8
22-02-23,Lance Schulze,Australia,molestie.orci@yahoo.org,(01645) 206844,$37,46,1,Male,6,7
01-03-23,Peter Hughes,Australia,scelerisque.dui@opensource.org,076 8808 3763,$71,40,3,Male,3,1
13-02-23,Aristotle Jang,Indonesia,neque.sed@opensource.edu,0800 534 2525,$66,33,4,Female,2,7
18-02-23,Zephania Hou,Australia,mauris.vestibulum@google.net,056 8658 7917,$69,23,4,Female,3,1
03-03-23,Rama Harris,Australia,ipsum.curabitur.consequat@yahoo.edu,0800 1111,$46,40,2,Male,5,4
17-02-23,Orson Woon,Singapore,aenean.eget@outlook.org,07624 935837,$33,44,2,Male,5,6
18-02-23,Alexander Stevens,Germany,ut@google.coid,(016977) 4617,$22,49,1,Male,1,2
27-01-23,Amaya Bailey,Singapore,arcu.iaculis@yahoo.edu,0845 46 48,$38,43,4,Male,1,6
01-03-23,Uma Liao,Indonesia,sed@google.com,0328 448 1813,$52,36,3,Male,7,1
02-01-23,Alan Raab,Germany,turpis.aliquam@outlook.org,(0151) 785 3861,$43,38,3,Male,6,9
06-02-23,Geraldine Fischer,Australia,etiam@opensource.org,(016977) 1195,$10,46,3,Female,5,2
06-03-23,Noel Ching,Australia,at.velit.pellentesque@opensource.edu,(017153) 91093,$99,22,2,Male,7,1
08-01-23,Melvin Hall,Indonesia,est@yahoo.edu,0800 017455,$72,44,3,Male,3,9
07-02-23,Ethan Choy,Germany,vitae.erat@outlook.coid,(01336) 182830,$45,34,1,Female,6,5
14-01-23,Portia Anderson,Germany,ac.sem@google.net,(0181) 568 9052,$66,51,2,Male,4,7
07-01-23,Nero Zimmermann,Singapore,ornare.egestas@outlook.coid,(0115) 385 4764,$46,24,1,Male,6,3
09-02-23,Addison Wolff,Australia,neque.vitae@yahoo.coid,0800 758 2461,$74,48,3,Male,2,5
05-01-23,Ethan Guo,Germany,at.arcu.vestibulum@yahoo.com,0845 46 43,$57,45,3,Female,5,7
12-02-23,Angela Nguyen,Indonesia,risus@opensource.ca,055 5213 8692,$71,24,2,Female,1,6
12-03-23,Abra Bell,Australia,aliquam.arcu.aliquam@opensource.net,(0111) 869 3711,$92,24,3,Female,4,8
02-01-23,Chester James,Singapore,pellentesque@outlook.edu,(0101) 367 8197,$34,47,2,Female,2,8
15-03-23,Garrison Schmidt,Indonesia,quam@opensource.com,0977 743 9167,$29,48,4,Female,2,2
22-02-23,Josephine Hartmann,Germany,malesuada.fames.ac@google.com,0800 608351,$73,24,3,Female,6,1
06-02-23,Debra Shao,Australia,volutpat@outlook.ca,0351 413 8121,$80,40,1,Female,3,4
07-02-23,Christen Ko,Germany,ante@yahoo.coid,076 1254 5435,$85,47,3,Male,5,7
02-03-23,Eve Ping,Indonesia,sed@opensource.org,056 1486 1575,$75,52,3,Male,5,8
12-03-23,Christopher Ngai,Germany,erat.in.consectetuer@google.coid,0800 1111,$26,46,2,Female,2,6
12-03-23,Mannix Harrison,Singapore,malesuada.fringilla@google.edu,0500 247378,$42,28,2,Female,2,5
26-02-23,Brenna Shu,Australia,ipsum.cursus@yahoo.net,(01525) 841676,$41,42,1,Female,7,1
25-03-23,Sage Hill,Australia,nec.tempus@opensource.ca,(020) 9297 2983,$39,37,3,Female,2,2
09-03-23,Sawyer Clarke,Singapore,donec@outlook.edu,07624 804801,$40,25,3,Male,5,5
31-03-23,Thomas Beyer,Indonesia,ridiculus.mus@yahoo.org,0845 46 45,$69,48,2,Female,7,1
06-02-23,Odysseus Simpson,Australia,tellus.suspendisse@opensource.ca,(01273) 571128,$39,25,2,Male,4,0
05-03-23,Hayes Adams,Australia,risus.a@opensource.com,(0111) 753 8039,$68,48,3,Male,2,9
07-01-23,Edan Wolf,Australia,a.feugiat.tellus@opensource.net,0800 646162,$22,41,1,Male,4,2
10-01-23,Noelle Wright,Singapore,est@outlook.com,07651 934908,$72,40,3,Male,5,1
25-01-23,Yasir Seidel,Germany,mus.donec@opensource.net,07015 538758,$84,51,2,Male,6,7
18-01-23,Ruth Kan,Singapore,sed.libero.proin@yahoo.com,0897 929 7688,$87,25,2,Male,5,1
31-03-23,Nyssa Soon,Australia,nec.ante.blandit@google.org,076 7677 1269,$15,45,1,Female,4,0
16-03-23,Jane Chapman,Indonesia,tempor.est@outlook.coid,076 5633 7429,$27,45,1,Male,5,3
05-02-23,Ezekiel Stewart,Australia,ac.mattis.ornare@opensource.net,07624 149468,$36,39,3,Female,6,4
15-01-23,Teagan Lau,Singapore,sed.auctor@outlook.ca,076 4926 6428,$98,26,1,Female,2,8
16-03-23,India Fang,Germany,et@yahoo.coid,0800 214641,$84,33,3,Female,6,9
09-02-23,Walter Murphy,Australia,enim@google.ca,07452 432421,$37,48,2,Female,2,9
27-03-23,Ezra Watson,Australia,ac.mattis@opensource.ca,0845 46 48,$89,38,4,Male,4,2
27-01-23,Brennan Bauer,Germany,ut.mi@google.com,(0113) 848 7755,$40,47,2,Male,1,5
03-02-23,Marsden Fink,Singapore,mattis@yahoo.org,0941 752 5048,$61,46,2,Male,6,1
25-02-23,Adria Hua,Indonesia,rutrum.eu@google.ca,(016977) 7666,$40,40,2,Female,2,9
30-01-23,Armando Dittrich,Singapore,at.fringilla@outlook.edu,(01548) 428548,$82,34,1,Female,6,1
08-02-23,Ivor Michaelis,Indonesia,hendrerit.id@opensource.com,07624 618657,$31,29,2,Female,4,9
13-02-23,Chantale Maler,Indonesia,nunc.interdum.feugiat@google.coid,0500 637651,$69,44,3,Male,2,9
07-01-23,Ali Kirch,Australia,sapien.molestie@outlook.edu,07798 199198,$93,51,2,Male,5,7
07-02-23,Halla Sun,Australia,arcu.vestibulum.ante@yahoo.org,0316 511 8533,$32,50,3,Male,3,2
15-02-23,Hedda Kaiser,Australia,tincidunt.aliquam.arcu@opensource.net,0800 1111,$96,31,1,Female,2,7
30-01-23,Hedda Schumann,Australia,mauris.integer.sem@yahoo.edu,0800 1111,$95,28,1,Female,7,7
10-01-23,Diana Cameron,Germany,in.dolor.fusce@outlook.net,076 2689 4133,$50,40,2,Female,6,1
25-01-23,Fuller Tun,Australia,ipsum.porta.elit@opensource.coid,(028) 4519 7419,$93,41,2,Male,5,10
11-01-23,Indigo Jansen,Germany,nec.orci@google.coid,056 8129 2638,$83,33,3,Female,4,5
04-01-23,Salvador James,Singapore,ligula.nullam@google.org,07018 410341,$18,50,1,Male,6,4
21-02-23,Reese Shin,Singapore,tristique.aliquet@google.coid,(0151) 536 4705,$88,50,2,Female,5,9
13-03-23,Knox Kraus,Indonesia,nibh.quisque.nonummy@opensource.ca,07856 853133,$77,25,2,Female,1,2
06-03-23,Aurelia Strauß,Indonesia,mauris.quis@yahoo.org,056 7683 2560,$54,25,1,Male,2,6
22-02-23,Erasmus Murphy,Indonesia,scelerisque@outlook.com,(012515) 78957,$96,35,3,Male,4,5
22-03-23,Yuli Walsh,Australia,sed.dictum@yahoo.ca,07624 087285,$11,22,3,Female,6,5
01-03-23,Louis Merkle,Germany,auctor.ullamcorper@outlook.com,(027) 7978 5456,$71,39,4,Female,4,2
03-01-23,Teegan Xie,Singapore,neque@google.ca,0379 104 7703,$77,35,4,Male,2,7
30-03-23,Savannah Richter,Australia,vulputate.lacus@opensource.com,0353 824 6398,$98,23,3,Female,1,4
02-02-23,Josiah Meyer,Singapore,eu@google.ca,055 4700 0065,$89,42,3,Male,2,4
20-02-23,Giacomo Reid,Indonesia,ac@yahoo.ca,076 1808 8161,$97,27,1,Female,1,8
12-02-23,Clark Bi,Indonesia,gravida.non@outlook.edu,0800 358 2822,$37,47,1,Female,5,3
21-02-23,Charles Qiu,Indonesia,ante.blandit@opensource.edu,(016977) 6165,$88,49,3,Female,6,1
30-01-23,Colleen Winkler,Singapore,neque.et.nunc@google.net,(01428) 91355,$40,45,3,Male,6,3
20-03-23,Carly O'Brien,Singapore,odio.vel.est@opensource.org,055 1542 5900,$58,54,3,Male,3,0
18-03-23,Colt An,Germany,ac.mattis@yahoo.edu,055 1983 2384,$61,51,2,Female,2,0
24-02-23,Dale Hou,Australia,risus.donec.egestas@outlook.com,076 2178 1862,$13,53,1,Male,5,3
03-02-23,MacKensie Koo,Indonesia,sapien.molestie.orci@opensource.com,0914 167 3587,$48,26,4,Male,2,2
10-01-23,Emerald Martin,Germany,urna.vivamus@google.ca,(013893) 87637,$38,55,3,Female,4,2
02-02-23,Uta Wolf,Australia,nunc.sed@opensource.net,0800 581 7158,$73,33,3,Male,1,6
18-01-23,Xenos Scholz,Indonesia,fringilla@google.coid,(0131) 422 2063,$61,48,1,Male,3,4
25-03-23,Alexander Jong,Indonesia,aliquet.odio.etiam@google.org,076 3748 6615,$16,22,4,Female,5,7
24-03-23,Dorian Wagner,Australia,vestibulum.mauris.magna@opensource.com,(011466) 53698,$41,44,3,Male,3,8
08-01-23,Anthony Boger,Germany,vel@opensource.coid,0845 46 40,$77,35,2,Female,2,2
27-03-23,Claudia Campbell,Singapore,turpis.egestas@opensource.edu,076 3801 7988,$38,51,2,Female,2,1
16-02-23,Ursula Ni,Australia,quam.dignissim.pharetra@opensource.edu,0800 615750,$23,39,3,Male,6,7
05-01-23,Kylee Böhm,Australia,nunc.interdum.feugiat@yahoo.net,0800 045385,$75,37,3,Female,4,3
26-02-23,Bree Strauss,Australia,sem.ut.dolor@opensource.edu,0367 028 8872,$39,43,2,Female,3,4
08-02-23,Hoyt Thomas,Germany,quam.quis.diam@google.coid,0886 688 8463,$28,53,4,Male,2,5
27-03-23,Russell Shaw,Germany,massa.mauris@opensource.edu,0845 46 48,$48,53,3,Male,4,8
06-03-23,Orson Schuster,Indonesia,lectus.rutrum.urna@opensource.com,055 2473 6712,$27,27,1,Male,1,6
05-01-23,Raya Leung,Australia,neque@opensource.ca,(0111) 201 6188,$73,23,2,Male,1,4
22-02-23,Ciara Cox,Australia,amet.consectetuer.adipiscing@opensource.coid,(0161) 545 4865,$47,37,3,Female,1,8
15-01-23,Kato Kraus,Singapore,commodo@yahoo.ca,(0111) 213 4361,$56,51,1,Male,4,6
10-01-23,Leroy Scott,Germany,volutpat.nulla.dignissim@yahoo.edu,0500 232840,$63,43,3,Male,5,3
15-03-23,Brenden Jung,Germany,ornare.elit@yahoo.com,(016977) 8922,$61,54,3,Male,3,7
20-02-23,Charity Jäger,Indonesia,ac.urna.ut@opensource.edu,0922 363 4435,$85,31,4,Male,6,10
07-02-23,Britanney Taylor,Australia,nunc.ac@google.edu,070 7208 6134,$41,39,4,Female,1,0
14-01-23,Ryan Mani,Singapore,iaculis@outlook.ca,056 1014 8951,$98,26,2,Female,5,1
01-02-23,Sydney Cameron,Germany,nascetur.ridiculus@google.edu,07636 079812,$93,29,3,Female,6,7
03-03-23,Jaquelyn Meier,Singapore,mi.pede.nonummy@outlook.coid,076 7642 6552,$69,47,3,Male,1,4
02-03-23,Ariana Mok,Singapore,fringilla.cursus.purus@google.coid,0800 1111,$81,36,3,Male,2,5
16-01-23,Callum Soon,Indonesia,dui.semper@google.coid,(0151) 165 9111,$77,49,3,Female,6,2
15-03-23,Rhona Rahman,Indonesia,proin.vel@opensource.com,(0141) 926 8085,$19,33,2,Female,4,9
05-02-23,Martina Ahmad,Singapore,adipiscing.elit@yahoo.org,0800 592139,$96,42,1,Male,4,1
28-01-23,Xantha Wright,Indonesia,consectetuer.euismod@yahoo.net,0500 196332,$20,42,3,Male,3,5
21-01-23,Fletcher Mason,Singapore,molestie.in@google.coid,(0115) 711 1243,$51,34,2,Male,3,7
30-01-23,Macey Ryan,Indonesia,consectetuer.adipiscing@opensource.net,0306 258 4840,$68,40,3,Female,3,9
30-01-23,Kyla Koh,Indonesia,lectus.rutrum@opensource.edu,0800 302557,$26,46,2,Male,5,3
24-02-23,Vladimir Reid,Australia,phasellus.libero.mauris@google.ca,07231 658878,$71,25,4,Female,6,1
08-03-23,Katelyn Frank,Singapore,sagittis.augue@google.com,0800 1111,$11,37,2,Female,4,7
27-01-23,Orli Qi,Singapore,et@google.ca,(012755) 37417,$77,29,2,Male,5,3
12-03-23,Nichole Meier,Indonesia,tincidunt.tempus@outlook.edu,076 8829 1886,$66,53,4,Male,3,4
29-01-23,Nomlanga Edwards,Singapore,interdum.curabitur@opensource.net,0889 182 6008,$15,46,2,Female,4,7
11-03-23,Ashton Guo,Germany,massa@opensource.net,0845 46 41,$75,34,3,Male,5,3
15-02-23,Vanna Schmid,Germany,dis.parturient@google.edu,0313 154 8486,$76,29,2,Female,4,5
20-02-23,Lysandra Bauer,Germany,libero.at@google.net,07946 270394,$89,51,4,Male,2,6
05-03-23,Ronan Bogner,Australia,tellus@google.ca,0800 1111,$65,24,3,Female,3,9
09-01-23,Sara Davis,Germany,magnis@google.net,0358 623 0037,$99,45,3,Female,5,4
14-01-23,Kareem Yap,Australia,nisl.arcu.iaculis@opensource.com,056 5673 2326,$65,41,2,Male,7,5
22-01-23,Hop Grün,Germany,nulla.cras@outlook.coid,(011617) 15534,$33,32,4,Male,2,4
21-02-23,Clayton Pfarrer,Singapore,montes.nascetur.ridiculus@outlook.edu,(016977) 7454,$93,44,4,Female,3,5
16-01-23,Ian Foong,Singapore,ligula.tortor@outlook.edu,0845 46 46,$90,33,4,Female,2,1
25-01-23,Ann Specht,Australia,tellus.imperdiet@opensource.com,07344 954811,$65,45,2,Male,2,3
22-02-23,Ignatius Seo,Germany,lobortis.risus@opensource.edu,(0112) 692 5265,$78,41,3,Female,6,8
18-03-23,Chester Pak,Germany,consequat@google.org,0800 1111,$55,40,4,Female,5,6
21-02-23,Aspen Shaw,Indonesia,elit.fermentum@opensource.org,056 8351 8810,$16,47,4,Female,3,7
18-03-23,Ginger Karlmann,Germany,dui@opensource.net,0838 709 4396,$36,32,2,Female,2,8
14-01-23,Akeem So,Singapore,a.magna@outlook.edu,(025) 2716 8647,$62,45,2,Male,5,4
25-01-23,Dalton Lu,Indonesia,magna.a@opensource.coid,076 3331 7834,$35,35,2,Female,5,2
13-03-23,Armand Pfarrer,Australia,metus.sit.amet@google.ca,(0141) 284 1696,$17,28,4,Male,6,2
15-03-23,Regina Müller,Germany,quisque@google.org,(0110) 272 1118,$45,43,2,Male,2,8
19-03-23,Quin Graham,Australia,conubia.nostra@yahoo.ca,(016977) 9988,$14,51,4,Male,5,6
01-02-23,Fallon Chia,Indonesia,bibendum@opensource.edu,0800 335 3242,$62,21,1,Male,3,6
12-01-23,Guy Mai,Singapore,augue@outlook.coid,(01456) 16421,$89,45,1,Female,2,8
27-03-23,Kelsie Lai,Indonesia,arcu.eu@opensource.org,0500 652023,$16,26,2,Female,3,4
06-01-23,Bree Wenzler,Australia,commodo.ipsum@google.coid,(016977) 5182,$40,28,3,Male,4,8
07-02-23,Rashad Bennett,Germany,neque.venenatis@outlook.edu,0800 1111,$37,44,3,Male,4,8
13-03-23,Conan Tran,Singapore,massa@outlook.ca,0869 808 2333,$57,54,3,Female,2,7
19-02-23,Lucy Dietrich,Germany,vitae@yahoo.com,0800 246622,$88,35,3,Female,4,9
30-01-23,Fatima Cai,Germany,magna.sed@outlook.coid,076 2781 1852,$90,53,4,Female,4,3
19-01-23,Roth Peng,Germany,lectus.pede@outlook.com,0500 766164,$63,35,3,Male,2,5
24-02-23,Melanie Thompson,Germany,mauris.morbi.non@opensource.com,(01119) 253807,$94,45,3,Female,2,7
16-03-23,Caleb Evans,Singapore,semper.auctor@yahoo.ca,(0191) 381 7586,$90,29,2,Female,7,5
04-01-23,Fay Brown,Indonesia,erat.vel.pede@google.coid,0845 46 40,$93,37,4,Male,3,8
11-03-23,Michelle Man,Australia,eu.euismod@yahoo.org,(01112) 771273,$86,22,3,Male,5,2
21-01-23,Vivien Knight,Singapore,in.faucibus@google.com,0845 534 6532,$29,49,2,Male,4,4
05-02-23,Howard Diener,Australia,laoreet@opensource.coid,055 1726 4524,$91,46,2,Female,1,9
14-03-23,Bryar Fink,Germany,elit@opensource.ca,0845 46 41,$49,30,3,Male,7,2
08-01-23,Cullen Zimmermann,Australia,auctor.vitae@yahoo.coid,(020) 0693 6416,$57,48,4,Male,2,4
18-02-23,Vincent Reid,Singapore,eu.arcu@yahoo.coid,0800 1111,$18,51,4,Female,6,6
02-02-23,Sandra Evans,Australia,dui.nec.urna@outlook.ca,(0111) 035 2822,$42,26,2,Male,6,2
20-03-23,Ryder Che,Indonesia,tellus@google.org,076 4733 1459,$74,24,1,Female,3,6
20-01-23,Cally Bogner,Singapore,eget.dictum@outlook.coid,(01522) 684587,$29,42,1,Male,3,1
29-01-23,Philip Brugger,Germany,risus.nunc@yahoo.com,07624 374143,$31,29,4,Female,3,6
01-03-23,William Schmid,Australia,at.lacus@yahoo.ca,(01717) 642189,$38,28,2,Female,2,4
14-03-23,Merrill Obermeyer,Indonesia,ullamcorper.eu.euismod@outlook.com,0845 46 49,$25,38,2,Female,4,0
22-02-23,Arsenio Poon,Singapore,sit@yahoo.ca,(01246) 494943,$68,51,2,Female,6,1
22-01-23,Todd Ban,Australia,rutrum@yahoo.com,0818 436 5542,$14,54,1,Female,4,4
06-02-23,Fulton Colling,Australia,dolor.tempus.non@google.coid,0936 584 5618,$15,45,4,Female,5,0
13-02-23,Xander Schröder,Germany,pellentesque.a@google.coid,0918 260 8347,$61,29,3,Female,5,1
16-03-23,Evangeline Stewart,Indonesia,lorem@yahoo.com,0800 157217,$89,39,2,Female,3,3
18-01-23,Len Green,Australia,metus.vivamus.euismod@opensource.coid,0905 273 1766,$41,50,3,Male,4,9
20-01-23,Ivana Winter,Germany,felis.nulla@yahoo.edu,0800 833214,$66,42,2,Male,3,6
03-01-23,Gillian Pfeiffer,Singapore,non.arcu@opensource.com,0800 777787,$59,31,3,Female,2,9
03-02-23,Zachary Neumann,Australia,sapien.aenean@yahoo.org,(01431) 21935,$38,25,4,Male,6,6
20-01-23,Amber Russell,Germany,semper.egestas@yahoo.ca,0845 46 44,$64,23,4,Male,7,3
04-01-23,Charde Hartmann,Singapore,parturient.montes@google.com,0970 083 6357,$94,26,1,Female,1,2
27-03-23,Oscar Jacobi,Indonesia,tempor.lorem.eget@outlook.edu,07624 493964,$27,51,3,Male,1,10
23-03-23,Stephen Wen,Singapore,nam.ac@outlook.ca,(016977) 7441,$17,53,3,Female,2,10
27-03-23,Zenia Yim,Indonesia,varius.et.euismod@google.ca,0971 052 2428,$57,41,1,Female,1,9
24-01-23,Rajah Kennedy,Germany,nunc.laoreet@outlook.org,(01088) 560190,$93,45,3,Female,2,7
17-03-23,Stone Kwok,Germany,etiam.ligula@opensource.coid,0800 1111,$70,45,1,Male,2,0
27-02-23,Anthony James,Singapore,a.purus.duis@outlook.org,0800 548846,$59,41,2,Male,7,4
13-01-23,Darius Raab,Singapore,volutpat.nunc@opensource.com,0987 245 8814,$66,29,1,Female,5,7
17-01-23,Sonya Richter,Australia,pede@google.edu,(0121) 632 1571,$19,43,1,Male,7,7
26-01-23,Leilani Campbell,Australia,posuere@outlook.net,0905 162 6644,$66,45,2,Female,2,0
13-02-23,Cyrus Gao,Singapore,mauris@outlook.org,(027) 3939 2785,$31,36,4,Female,4,2
21-03-23,Mikayla Roßmann,Indonesia,semper.auctor@outlook.ca,07624 146852,$22,32,2,Male,5,3
12-02-23,Cameron Williams,Singapore,a@google.com,055 1036 1712,$69,26,3,Female,2,3
12-01-23,Ebony Chiu,Indonesia,nullam.suscipit.est@google.ca,0337 675 2863,$96,27,2,Male,7,3
12-02-23,Tamara Parker,Singapore,duis@google.ca,(0191) 119 8245,$25,52,3,Male,6,7
10-01-23,Jorden Seidel,Singapore,curabitur.vel.lectus@yahoo.com,070 8611 5919,$42,25,3,Female,5,1
27-01-23,Jameson Dong,Germany,justo.nec.ante@outlook.coid,0314 258 4156,$27,25,2,Male,5,1
25-02-23,Shelly Lehmann,Australia,taciti.sociosqu.ad@opensource.edu,(016977) 2235,$55,27,2,Female,5,6
05-03-23,Daquan Schumann,Indonesia,odio@opensource.edu,0500 878702,$22,43,4,Female,6,3
27-02-23,Genevieve Shaw,Indonesia,donec.est.nunc@opensource.net,(013601) 81116,$81,27,2,Female,3,5
13-03-23,Jason Pak,Germany,ultrices.posuere.cubilia@opensource.org,070 6594 6586,$87,40,1,Male,2,7
08-03-23,Violet Hartmann,Singapore,elit.a@yahoo.coid,0816 043 8556,$24,53,3,Male,4,5
19-03-23,Inez Wang,Indonesia,metus.vitae@outlook.net,(015378) 77568,$30,20,3,Female,2,9
11-02-23,Beck Müller,Singapore,metus.urna.convallis@google.edu,0500 519405,$46,29,2,Male,5,5
19-02-23,Declan Hong,Indonesia,mauris@opensource.ca,0845 46 40,$32,39,4,Female,2,9
21-02-23,Finn Prinz,Australia,et.lacinia.vitae@google.org,07624 741434,$38,23,2,Female,4,6
19-01-23,Stacy Köhler,Indonesia,facilisis.suspendisse@yahoo.com,07624 875637,$85,52,1,Female,1,0
16-03-23,Noble Mok,Singapore,vestibulum.accumsan.neque@google.ca,056 3826 8828,$21,27,3,Female,1,9
02-01-23,Penelope Lewis,Australia,ac@yahoo.org,(01008) 47147,$40,22,2,Female,1,2
10-02-23,Louis Morgan,Australia,sit@outlook.net,(01322) 074155,$96,54,2,Female,3,7
14-02-23,Nissim Kraus,Singapore,nulla@outlook.com,(01642) 03917,$59,34,3,Female,4,1
16-03-23,Kylan Harrison,Germany,velit.quisque.varius@google.com,0845 46 48,$92,41,3,Female,2,5
10-03-23,Preston Koo,Singapore,libero.mauris.aliquam@outlook.com,0857 365 3465,$97,35,3,Male,6,9
16-02-23,Guy Martin,Australia,ut.tincidunt@opensource.coid,(0115) 335 8518,$58,32,3,Male,4,8
27-01-23,Shana Davies,Germany,tellus.id@yahoo.edu,0800 1111,$83,28,4,Male,3,1
18-01-23,Samson Weber,Singapore,dis.parturient@google.coid,0800 207 8454,$45,50,2,Female,5,4
05-02-23,Dustin Davis,Singapore,libero.at@google.coid,(019841) 63648,$32,53,3,Female,5,8
23-03-23,Mallory Chi,Singapore,id.sapien@outlook.com,(01447) 74757,$49,41,2,Female,6,2
07-02-23,Denton Wolff,Indonesia,accumsan.sed@yahoo.net,055 7390 0483,$36,36,3,Female,5,8
04-01-23,Oprah Schubert,Australia,leo@yahoo.edu,(017826) 66653,$77,53,3,Female,6,8
14-02-23,Devin Maier,Singapore,laoreet@yahoo.coid,0800 875262,$90,43,2,Female,6,7
25-03-23,Chase Hausmann,Australia,sit@google.coid,(027) 7666 6132,$12,22,4,Female,5,5
21-03-23,Cyrus Phillips,Australia,aliquam.erat.volutpat@outlook.net,0500 327355,$69,32,1,Male,3,6
18-02-23,Kellie Schulz,Singapore,dapibus.quam@google.net,0800 732491,$14,45,1,Male,5,5
07-02-23,Jessica Clark,Germany,parturient.montes@outlook.ca,(0118) 686 5140,$58,33,4,Male,3,5
09-02-23,Octavia Harvey,Singapore,in.magna@yahoo.coid,056 8658 2228,$78,21,3,Male,7,9
07-01-23,Patience Edwards,Australia,eu@opensource.coid,(017140) 42621,$68,50,2,Female,5,7
25-01-23,Jelani Lim,Indonesia,hendrerit.consectetuer.cursus@outlook.com,(016977) 7473,$87,22,3,Male,6,8
20-03-23,Ashton Choy,Indonesia,non.lacinia.at@yahoo.coid,076 1578 3803,$92,23,3,Male,7,6
05-01-23,Renee Chang,Australia,mollis.non@outlook.net,(0118) 414 4799,$16,53,3,Male,5,9
16-03-23,Kaitlin Murray,Australia,justo.proin@google.org,0800 088 2616,$60,26,1,Male,5,4
18-02-23,Vernon James,Australia,nulla@yahoo.net,0800 564 7249,$25,37,3,Male,1,6
28-01-23,Vanna Chi,Indonesia,dignissim.lacus@google.coid,(01126) 60791,$10,23,3,Male,6,8
18-02-23,Pascale He,Germany,sed.dui@google.ca,(0131) 374 6474,$59,25,2,Female,5,7
20-01-23,Victoria Loo,Singapore,vestibulum.mauris@outlook.coid,076 4363 5347,$97,34,2,Female,3,4
25-03-23,Arthur Bogner,Singapore,ullamcorper@outlook.ca,0826 887 7165,$53,43,4,Male,2,0
09-03-23,Troy Cooper,Australia,orci@google.coid,070 3437 6499,$13,25,1,Male,2,1
05-03-23,Rogan Matthews,Singapore,dolor.donec@yahoo.net,076 3166 0264,$61,36,3,Male,5,2
24-02-23,Christen Webb,Australia,cursus.integer@outlook.coid,(016977) 2960,$25,25,4,Female,3,4
09-02-23,Graiden Schinacher,Indonesia,nulla.magna.malesuada@outlook.ca,0878 646 9557,$87,53,3,Female,1,4
03-01-23,Aladdin Dreher,Indonesia,erat.eget@opensource.edu,07624 101134,$60,35,4,Male,2,3
29-03-23,Abraham Jung,Germany,donec@outlook.edu,055 3881 8006,$88,51,2,Female,2,7
07-03-23,Oliver Chi,Australia,a.sollicitudin@opensource.com,(0141) 262 3835,$71,44,3,Female,2,9
09-03-23,Karina Seet,Singapore,non@yahoo.ca,(027) 4344 6567,$54,48,1,Female,2,3
24-02-23,Gloria Ge,Australia,quam.pellentesque.habitant@opensource.net,(01838) 266651,$60,21,3,Female,5,2
06-01-23,Kelsey Edwards,Singapore,posuere.at@yahoo.edu,(01456) 514515,$31,24,3,Male,5,7
18-02-23,Daryl Ying,Singapore,mauris.ipsum@outlook.edu,0800 1111,$65,37,3,Male,7,6
13-03-23,Nathaniel Winkler,Germany,quam@yahoo.coid,0845 46 43,$69,30,2,Male,5,4
06-02-23,Hayden Green,Australia,feugiat@google.ca,0845 46 47,$94,53,3,Male,4,7
18-02-23,Hermione Kennedy,Singapore,non@yahoo.ca,07388 828720,$97,36,2,Female,3,5
11-01-23,Carson Kraus,Indonesia,nonummy.ipsum.non@outlook.org,0800 885475,$66,34,3,Female,3,1
26-02-23,Kylynn Mo,Germany,non.dapibus.rutrum@outlook.edu,0864 762 9812,$11,21,3,Female,6,6
19-02-23,Brent Ma,Singapore,nec.leo@opensource.coid,(0112) 324 9542,$21,53,1,Female,1,1
14-02-23,Gage Chow,Singapore,magna.sed@google.ca,0845 46 46,$35,45,2,Male,7,6
21-01-23,Maile Wagner,Indonesia,augue.eu@yahoo.coid,0353 117 8847,$31,48,2,Female,3,5
31-03-23,Chanda Allen,Indonesia,egestas.sed@yahoo.edu,(016977) 4048,$78,23,3,Male,2,6
17-03-23,Illiana Kong,Germany,mauris.eu@yahoo.coid,(0161) 366 3883,$46,37,2,Female,3,9
20-02-23,Holly Sato,Germany,semper.tellus.id@yahoo.com,0986 599 3825,$23,36,3,Male,4,4
07-01-23,Gavin Kraus,Indonesia,arcu.vestibulum@google.org,0800 1111,$28,55,3,Male,3,1
23-03-23,Merrill Fink,Indonesia,fermentum@outlook.com,0800 1111,$37,22,3,Female,4,4
16-03-23,Reese Ross,Singapore,dolor.nonummy.ac@yahoo.edu,(012767) 27154,$58,51,4,Female,4,2
17-02-23,Connor Schulz,Singapore,dolor.sit.amet@google.com,(018710) 16478,$30,34,3,Female,4,0
15-02-23,Cullen Sato,Australia,enim.condimentum@google.net,(016977) 7606,$50,29,2,Female,1,7
08-03-23,Tucker Kienzle,Singapore,blandit@google.com,0975 858 8957,$80,47,2,Male,2,8
20-03-23,Clinton Schwarz,Singapore,purus@outlook.org,0965 806 4778,$40,40,3,Female,4,7
29-01-23,Alfreda Friedmann,Germany,dapibus.id.blandit@outlook.net,(0115) 586 0148,$81,53,3,Female,2,5
18-01-23,Raphael Mai,Australia,sem.nulla@google.net,0800 474 3636,$59,52,2,Female,2,1
06-02-23,Roth Weiß,Australia,lectus.rutrum@opensource.org,0500 523561,$88,37,2,Male,5,7
20-03-23,Ezekiel Gray,Indonesia,venenatis@outlook.edu,0845 46 46,$55,21,1,Male,6,2
10-01-23,Vincent Gupta,Indonesia,dictum.ultricies@opensource.net,0845 46 46,$33,48,3,Male,1,6
02-02-23,Ria Cooper,Singapore,donec.consectetuer.mauris@opensource.ca,07769 754674,$14,28,3,Female,3,9
22-03-23,Louis Fang,Australia,ipsum.suspendisse@google.ca,(0114) 567 4371,$18,47,4,Male,5,10
14-03-23,Lamar Pearce,Germany,justo.nec.ante@outlook.net,0800 1111,$53,51,1,Female,4,1
02-02-23,Hedy Werner,Germany,commodo@outlook.coid,0800 1111,$38,39,2,Female,2,5
09-01-23,Odette Sauer,Singapore,purus.sapien.gravida@opensource.com,07624 723507,$47,38,2,Female,6,2
23-01-23,Emi Chee,Australia,rutrum.justo@opensource.edu,07624 776219,$82,50,4,Female,5,5
28-02-23,Dorian Neumann,Indonesia,nunc@opensource.org,0800 500125,$91,39,1,Female,4,3
28-02-23,Cally Claßen,Australia,placerat.augue@google.net,0826 713 2321,$57,41,4,Female,7,0
04-01-23,Thomas Jacobi,Singapore,tincidunt.nibh@google.net,0314 631 8954,$74,23,2,Male,6,5
12-03-23,Ella Bennett,Australia,nec.imperdiet@google.edu,070 6114 2535,$95,30,3,Male,7,10
28-03-23,Hiroko Hwee,Singapore,massa@outlook.com,0800 507260,$42,24,2,Female,5,6
10-02-23,Eagan Tong,Singapore,mauris.ut.quam@outlook.com,0845 46 42,$75,25,2,Male,1,3
02-03-23,Orson Lin,Germany,euismod@google.net,(026) 9737 2356,$68,36,3,Female,6,1
11-01-23,Fletcher Kuang,Germany,pellentesque@google.org,07624 026846,$75,22,3,Male,6,9
20-02-23,Louis Roßmann,Indonesia,et.magnis.dis@google.org,0845 46 42,$64,50,1,Female,5,1
09-02-23,Helen Kelly,Germany,felis.adipiscing.fringilla@opensource.org,(01216) 96579,$33,33,2,Male,2,7
27-03-23,Claudia Richardson,Australia,eu.metus.in@opensource.ca,055 9987 8429,$30,50,2,Male,5,5
10-03-23,Cruz Dai,Germany,convallis.convallis@google.ca,(011624) 10139,$66,38,3,Male,5,7
08-02-23,Sarah Ahmad,Germany,eleifend.non@google.com,0800 736282,$82,35,2,Female,4,9
22-03-23,Roanna Davies,Singapore,nibh.quisque@google.ca,(01084) 99136,$94,32,1,Male,4,9
03-03-23,Buckminster Su,Indonesia,cursus.purus.nullam@google.net,0800 611076,$94,52,2,Male,1,4
23-03-23,Lisandra Myint,Australia,neque.pellentesque@yahoo.net,07366 929614,$39,49,3,Female,3,8
02-03-23,Vance Neumann,Australia,et.magnis@opensource.org,0336 506 3272,$25,43,3,Female,5,1
14-01-23,Caesar Nair,Germany,dui.lectus.rutrum@outlook.com,0500 647562,$14,49,4,Female,6,1
02-01-23,Ivan Lin,Indonesia,donec@outlook.net,0941 329 0217,$65,54,2,Male,3,2
21-03-23,Candace Loo,Singapore,habitant.morbi@yahoo.ca,0845 46 45,$79,48,3,Female,4,4
20-01-23,Miriam Tai,Australia,nec@google.net,055 4506 1438,$24,40,3,Female,7,4
31-01-23,Lavinia Qiu,Australia,dui.lectus.rutrum@google.ca,(0171) 585 5036,$70,46,2,Male,3,2
28-01-23,Brock Harrison,Germany,donec.sollicitudin.adipiscing@outlook.ca,0500 703763,$78,20,2,Female,2,3
04-02-23,Octavius Ke,Indonesia,magna.sed@yahoo.coid,0352 375 1588,$73,43,2,Female,5,2
12-03-23,Jasmine Bailey,Germany,aliquam@outlook.net,0800 509 2683,$84,21,1,Male,5,1
27-01-23,Eaton Peters,Indonesia,nisi.sem.semper@yahoo.coid,(01428) 25112,$77,27,3,Female,3,1
30-01-23,Hilary Lewis,Indonesia,egestas.lacinia.sed@opensource.com,0500 323130,$44,33,4,Female,5,3
29-01-23,Vanna Schmitt,Germany,bibendum@google.ca,0801 233 1261,$28,37,2,Male,5,1
16-01-23,Yasir Smith,Germany,lectus@yahoo.coid,(01116) 07921,$30,39,3,Male,6,2
08-02-23,Berk Fink,Australia,sem.ut@outlook.coid,070 9661 0824,$20,33,3,Male,3,3
03-02-23,Chastity Prinz,Germany,purus.mauris@google.com,055 7168 6712,$83,31,3,Female,4,1
03-01-23,Bevis Richards,Australia,sed.pede@opensource.net,(01574) 819388,$48,46,1,Female,4,6
01-02-23,Russell Yee,Singapore,neque.sed@opensource.edu,0845 46 48,$99,45,3,Female,6,1
01-02-23,Kato Nguyen,Australia,litora@opensource.coid,0800 1111,$32,21,1,Female,4,8
16-01-23,Martha Lin,Germany,diam.nunc@google.edu,0368 037 8364,$79,54,3,Male,1,2
10-03-23,Solomon Kan,Australia,urna@outlook.ca,076 1242 5373,$36,38,3,Male,5,2
11-02-23,Acton Schubert,Australia,risus.in.mi@outlook.edu,07357 383401,$67,53,3,Female,6,6
22-01-23,Mikayla Kienzle,Australia,odio.aliquam@yahoo.coid,0323 458 6405,$90,50,4,Male,5,10
22-01-23,Heather Meyer,Australia,et.ultrices@opensource.ca,07725 726048,$59,38,3,Female,3,4
04-03-23,Tarik Kwok,Australia,hendrerit.donec@yahoo.edu,(012662) 04501,$27,31,3,Female,6,2
16-01-23,Russell Xing,Australia,augue.eu.tellus@yahoo.com,0983 287 6770,$45,49,2,Female,4,5
12-03-23,Leandra Price,Singapore,mauris@yahoo.net,0940 163 1104,$59,33,1,Female,3,4
06-01-23,Barbara Hausmann,Germany,hendrerit.neque@opensource.edu,076 1198 5514,$58,53,2,Male,6,0
13-03-23,Evangeline Anderson,Indonesia,ut.odio@outlook.coid,(0191) 366 9268,$98,38,2,Male,3,5
15-02-23,Nell Nowak,Australia,metus@opensource.ca,070 2512 3544,$18,45,1,Female,7,4
19-03-23,Doris Chi,Singapore,sit.amet@opensource.edu,(0118) 798 3810,$83,47,1,Male,6,8
15-03-23,Amber Richardson,Germany,libero.proin@outlook.coid,(023) 2563 5127,$45,24,2,Female,5,4
06-02-23,Dante Jang,Indonesia,lacinia.vitae@google.coid,0800 1111,$48,52,3,Female,5,2
07-03-23,Kasimir Pfarrer,Indonesia,scelerisque.neque@opensource.org,0500 644852,$94,20,3,Female,5,7
18-01-23,Justina Richardson,Germany,vel.est@yahoo.net,(01255) 630514,$72,40,1,Female,2,1
24-03-23,Bruce Nguyen,Singapore,quis.pede.suspendisse@yahoo.edu,(01723) 79121,$78,43,2,Male,6,7
22-01-23,Iliana Prinz,Germany,sociis@opensource.com,055 2787 2684,$74,25,2,Male,3,4
21-01-23,Ishmael Claßen,Indonesia,gravida.sit.amet@yahoo.coid,0800 1111,$61,47,3,Male,3,4
12-03-23,TaShya Tun,Singapore,at.augue@google.ca,056 7472 8673,$45,28,3,Male,2,10
24-02-23,Cyrus Kaiser,Germany,imperdiet@yahoo.com,07624 428372,$89,51,3,Male,5,4
